-- phpMyAdmin SQL Dump
-- version 4.6.4
-- https://www.phpmyadmin.net/
--
-- Client :  localhost:8889
-- Généré le :  Sam 10 Décembre 2016 à 10:56
-- Version du serveur :  5.6.28
-- Version de PHP :  7.0.10

SET SQL_MODE = "NO_AUTO_VALUE_ON_ZERO";
SET time_zone = "+00:00";

--
-- Base de données :  `alinagnon`
--

-- --------------------------------------------------------

--
-- Structure de la table `Admin`
--

CREATE TABLE `Admin` (
  `id` int(11) NOT NULL,
  `id_user` varchar(40) NOT NULL,
  `mdp` varchar(40) NOT NULL,
  `date` timestamp NOT NULL DEFAULT CURRENT_TIMESTAMP ON UPDATE CURRENT_TIMESTAMP
) ENGINE=InnoDB DEFAULT CHARSET=latin1;

--
-- Contenu de la table `Admin`
--

INSERT INTO `Admin` (`id`, `id_user`, `mdp`, `date`) VALUES
(1, 'akadjelvis@gmail.com', 'Heuredegloire1', '2016-08-10 06:41:54');

-- --------------------------------------------------------

--
-- Structure de la table `Bus`
--

CREATE TABLE `Bus` (
  `id_bus` varchar(20) NOT NULL,
  `nom_bus` varchar(128) DEFAULT NULL,
  `type_bus` varchar(128) DEFAULT NULL,
  `heure_depart` time DEFAULT NULL,
  `duree_voyage` time DEFAULT NULL,
  `ville_depart` varchar(128) DEFAULT NULL,
  `ville_arrivee` varchar(128) DEFAULT NULL,
  `prix_voyage` double NOT NULL,
  `id_compagnie` varchar(20) DEFAULT NULL,
  `total_sieges` int(3) DEFAULT NULL
) ENGINE=InnoDB DEFAULT CHARSET=latin1;

--
-- Contenu de la table `Bus`
--

INSERT INTO `Bus` (`id_bus`, `nom_bus`, `type_bus`, `heure_depart`, `duree_voyage`, `ville_depart`, `ville_arrivee`, `prix_voyage`, `id_compagnie`, `total_sieges`) VALUES
('Bus1', 'ATT - AT 1301', 'Climatise', '07:00:00', '10:00:00', 'COTONOU', 'BOHICON', 2500, 'Compagnie1', 80),
('Bus10', 'ATT - AT 1302', 'Climatise', '07:00:00', '15:00:00', 'COTONOU', 'PARAKOU', 7000, 'Compagnie1', 80),
('Bus100', 'PAX EXPRESS - PX 7001', 'Climatise', '07:00:00', '13:00:00', 'COTONOU', 'TCHAOUROU', 4000, 'Compagnie6', 80),
('Bus101', 'PAX EXPRESS - PX 7001', 'Climatise', '07:00:00', '15:00:00', 'COTONOU', 'PARAKOU', 5000, 'Compagnie6', 80),
('Bus102', 'PAX EXPRESS - PX 7001', 'Climatise', '07:00:00', '09:00:00', 'PARAKOU', 'TCHAOUROU', 1000, 'Compagnie6', 80),
('Bus103', 'PAX EXPRESS - PX 7001', 'Climatise', '07:00:00', '10:00:00', 'PARAKOU', 'SAVE', 1500, 'Compagnie6', 80),
('Bus104', 'PAX EXPRESS - PX 7001', 'Climatise', '07:00:00', '11:00:00', 'PARAKOU', 'DASSA', 2000, 'Compagnie6', 80),
('Bus105', 'PAX EXPRESS - PX 7001', 'Climatise', '07:00:00', '12:00:00', 'PARAKOU', 'BOHICON', 3000, 'Compagnie6', 80),
('Bus106', 'PAX EXPRESS - PX 7001', 'Climatise', '07:00:00', '15:00:00', 'PARAKOU', 'COTONOU', 5000, 'Compagnie6', 80),
('Bus107', 'PAX EXPRESS - PX 7002', 'Climatise', '07:00:00', '18:00:00', 'COTONOU', 'DJOUGOU', 7000, 'Compagnie6', 80),
('Bus108', 'PAX EXPRESS - PX 7002', 'Climatise', '07:00:00', '18:00:00', 'DJOUGOU', 'COTONOU', 7000, 'Compagnie6', 80),
('Bus109', 'PAX EXPRESS - PX 7003', 'Climatise', '07:00:00', '20:00:00', 'COTONOU', 'NATITINGOU', 8000, 'Compagnie6', 80),
('Bus11', 'ATT - AT 1302', 'Climatise', '07:00:00', '18:00:00', 'COTONOU', 'DJOUGOU', 9000, 'Compagnie1', 80),
('Bus110', 'PAX EXPRESS - PX 7003', 'Climatise', '07:00:00', '20:00:00', 'NATITINGOU', 'COTONOU', 8000, 'Compagnie6', 80),
('Bus111', 'PAX EXPRESS - PX 7004', 'Climatise', '07:00:00', '22:00:00', 'COTONOU', 'MALANVILLE', 10000, 'Compagnie6', 80),
('Bus112', 'PAX EXPRESS - PX 7004', 'Climatise', '07:00:00', '22:00:00', 'MALANVILLE', 'COTONOU', 10000, 'Compagnie6', 80),
('Bus113', 'ATT - AT 1308', 'Climatise', '07:00:00', '22:00:00', 'COTONOU', 'MALANVILLE', 14000, 'Compagnie1', 80),
('Bus114', 'ATT - AT 1308', 'Climatise', '07:00:00', '22:00:00', 'MALANVILLE', 'COTONOU', 14000, 'Compagnie1', 80),
('Bus115', 'CONFORT LINE - CF 8011', 'Climatise', '07:00:00', '15:00:00', 'COTONOU', 'PARAKOU', 5000, 'Compagnie5', 80),
('Bus116', 'CONFORT LINE - CF 8011', 'Climatise', '07:00:00', '15:00:00', 'PARAKOU', 'COTONOU', 5000, 'Compagnie5', 80),
('Bus117', 'CONFORT LINE - CF 8012', 'Climatise', '07:00:00', '17:00:00', 'COTONOU', 'DJOUGOU', 6000, 'Compagnie5', 80),
('Bus118', 'CONFORT LINE - CF 8012', 'Climatise', '07:00:00', '17:00:00', 'DJOUGOU', 'COTONOU', 6000, 'Compagnie5', 80),
('Bus119', 'CONFORT LINE - CF 8013', 'Climatise', '07:00:00', '20:00:00', 'COTONOU', 'NATITINGOU', 7000, 'Compagnie5', 80),
('Bus12', 'ATT - AT 1303', 'Climatise', '07:00:00', '10:00:00', 'COTONOU', 'BOHICON', 2500, 'Compagnie1', 80),
('Bus120', 'CONFORT LINE - CF 8013', 'Climatise', '07:00:00', '20:00:00', 'NATITINGOU', 'COTONOU', 7000, 'Compagnie5', 80),
('Bus121', 'CONFORT LINE - CF 8014', 'Climatise', '07:00:00', '22:00:00', 'COTONOU', 'MALANVILLE', 8000, 'Compagnie5', 80),
('Bus122', 'CONFORT LINE - CF 8014', 'Climatise', '07:00:00', '22:00:00', 'MALANVILLE', 'COTONOU', 8000, 'Compagnie5', 80),
('Bus13', 'ATT - AT 1303', 'Climatise', '07:00:00', '12:00:00', 'COTONOU', 'DASSA', 3500, 'Compagnie1', 80),
('Bus14', 'ATT - AT 1303', 'Climatise', '07:00:00', '13:00:00', 'COTONOU', 'SAVE', 4000, 'Compagnie1', 80),
('Bus15', 'ATT - AT 1303', 'Climatise', '07:00:00', '14:00:00', 'COTONOU', 'TCHAOUROU', 5000, 'Compagnie1', 80),
('Bus16', 'ATT - AT 1303', 'Climatise', '07:00:00', '15:00:00', 'COTONOU', 'PARAKOU', 7000, 'Compagnie1', 80),
('Bus17', 'ATT - AT 1303', 'Climatise', '07:00:00', '21:00:00', 'COTONOU', 'NATITINGOU', 12000, 'Compagnie1', 80),
('Bus18', 'ATT - AT 1304', 'Climatise', '07:00:00', '18:00:00', 'COTONOU', 'BASSILA', 10000, 'Compagnie1', 60),
('Bus19', 'ATT - AT 1305', 'Climatise', '21:00:00', '09:00:00', 'COTONOU', 'PORGA', 15000, 'Compagnie1', 60),
('Bus2', 'ATT - AT 1301', 'Climatise', '07:00:00', '12:00:00', 'COTONOU', 'DASSA', 3500, 'Compagnie1', 80),
('Bus20', 'ATT - AT 1305', 'Climatise', '10:00:00', '22:00:00', 'PORGA', 'COTONOU', 15000, 'Compagnie1', 60),
('Bus21', 'ATT - AT 1304', 'Climatise', '21:00:00', '09:00:00', 'BASSILA', 'COTONOU', 10000, 'Compagnie1', 60),
('Bus22', 'ATT - AT 1303', 'Climatise', '07:00:00', '13:00:00', 'NATITINGOU', 'PARAKOU', 5000, 'Compagnie1', 80),
('Bus23', 'ATT - AT 1303', 'Climatise', '07:00:00', '14:00:00', 'NATITINGOU', 'TCHAOUROU', 7000, 'Compagnie1', 80),
('Bus24', 'ATT - AT 1303', 'Climatise', '07:00:00', '15:00:00', 'NATITINGOU', 'SAVE', 8000, 'Compagnie1', 80),
('Bus25', 'ATT - AT 1303', 'Climatise', '07:00:00', '16:00:00', 'NATITINGOU', 'DASSA', 8500, 'Compagnie1', 80),
('Bus26', 'ATT - AT 1303', 'Climatise', '07:00:00', '18:00:00', 'NATITINGOU', 'BOHICON', 9500, 'Compagnie1', 80),
('Bus27', 'ATT - AT 1303', 'Climatise', '07:00:00', '21:00:00', 'NATITINGOU', 'COTONOU', 12000, 'Compagnie1', 80),
('Bus28', 'ATT - AT 1302', 'Climatise', '07:00:00', '10:00:00', 'DJOUGOU', 'PARAKOU', 2000, 'Compagnie1', 80),
('Bus29', 'ATT - AT 1302', 'Climatise', '07:00:00', '11:00:00', 'DJOUGOU', 'TCHAOUROU', 4000, 'Compagnie1', 80),
('Bus3', 'ATT - AT 1301', 'Climatise', '07:00:00', '13:00:00', 'COTONOU', 'SAVE', 4000, 'Compagnie1', 80),
('Bus30', 'ATT - AT 1302', 'Climatise', '07:00:00', '12:00:00', 'DJOUGOU', 'SAVE', 5000, 'Compagnie1', 80),
('Bus31', 'ATT - AT 1302', 'Climatise', '07:00:00', '13:00:00', 'DJOUGOU', 'DASSA', 5500, 'Compagnie1', 80),
('Bus32', 'ATT - AT 1302', 'Climatise', '07:00:00', '15:00:00', 'DJOUGOU', 'BOHICON', 6500, 'Compagnie1', 80),
('Bus33', 'ATT - AT 1302', 'Climatise', '07:00:00', '18:00:00', 'DJOUGOU', 'COTONOU', 9000, 'Compagnie1', 80),
('Bus34', 'ATT - AT 1301', 'Climatise', '07:00:00', '08:00:00', 'PARAKOU', 'TCHAOUROU', 2000, 'Compagnie1', 80),
('Bus35', 'ATT - AT 1301', 'Climatise', '07:00:00', '09:00:00', 'PARAKOU', 'SAVE', 3000, 'Compagnie1', 80),
('Bus36', 'ATT - AT 1301', 'Climatise', '07:00:00', '10:00:00', 'PARAKOU', 'DASSA', 3500, 'Compagnie1', 80),
('Bus37', 'ATT - AT 1301', 'Climatise', '07:00:00', '12:00:00', 'PARAKOU', 'BOHICON', 4500, 'Compagnie1', 80),
('Bus38', 'ATT - AT 1301', 'Climatise', '07:00:00', '15:00:00', 'PARAKOU', 'COTONOU', 7000, 'Compagnie1', 80),
('Bus39', 'ATT - AT 1306', 'Climatise', '13:00:00', '16:00:00', 'COTONOU', 'BOHICON', 2500, 'Compagnie1', 80),
('Bus4', 'ATT - AT 1301', 'Climatise', '07:00:00', '14:00:00', 'COTONOU', 'TCHAOUROU', 5000, 'Compagnie1', 80),
('Bus40', 'ATT - AT 1306', 'Climatise', '13:00:00', '17:00:00', 'COTONOU', 'DASSA', 3500, 'Compagnie1', 80),
('Bus41', 'ATT - AT 1306', 'Climatise', '13:00:00', '18:00:00', 'COTONOU', 'SAVE', 4000, 'Compagnie1', 80),
('Bus42', 'ATT - AT 1306', 'Climatise', '13:00:00', '19:00:00', 'COTONOU', 'TCHAOUROU', 5000, 'Compagnie1', 80),
('Bus43', 'ATT - AT 1306', 'Climatise', '13:00:00', '21:00:00', 'COTONOU', 'PARAKOU', 7000, 'Compagnie1', 80),
('Bus44', 'ATT - AT 1306', 'Climatise', '13:00:00', '15:00:00', 'PARAKOU', 'TCHAOUROU', 2000, 'Compagnie1', 80),
('Bus45', 'ATT - AT 1306', 'Climatise', '13:00:00', '16:00:00', 'PARAKOU', 'SAVE', 3000, 'Compagnie1', 80),
('Bus46', 'ATT - AT 1306', 'Climatise', '13:00:00', '17:00:00', 'PARAKOU', 'DASSA', 3500, 'Compagnie1', 80),
('Bus47', 'ATT - AT 1306', 'Climatise', '13:00:00', '18:00:00', 'PARAKOU', 'BOHICON', 4500, 'Compagnie1', 80),
('Bus48', 'ATT - AT 1306', 'Climatise', '13:00:00', '21:00:00', 'PARAKOU', 'COTONOU', 7000, 'Compagnie1', 80),
('Bus49', 'ATT - AT 1307', 'Climatise', '21:00:00', '01:00:00', 'COTONOU', 'BOHICON', 2500, 'Compagnie1', 80),
('Bus5', 'ATT - AT 1301', 'Climatise', '07:00:00', '15:00:00', 'COTONOU', 'PARAKOU', 7000, 'Compagnie1', 80),
('Bus50', 'ATT - AT 1307', 'Climatise', '21:00:00', '02:00:00', 'COTONOU', 'DASSA', 3500, 'Compagnie1', 80),
('Bus51', 'ATT - AT 1307', 'Climatise', '21:00:00', '03:00:00', 'COTONOU', 'SAVE', 4000, 'Compagnie1', 80),
('Bus52', 'ATT - AT 1307', 'Climatise', '21:00:00', '04:00:00', 'COTONOU', 'TCHAOUROU', 5000, 'Compagnie1', 80),
('Bus53', 'ATT - AT 1307', 'Climatise', '21:00:00', '06:00:00', 'COTONOU', 'PARAKOU', 7000, 'Compagnie1', 8000),
('Bus54', 'ATT - AT 1307', 'Climatise', '21:00:00', '23:00:00', 'PARAKOU', 'TCHAOUROU', 2000, 'Compagnie1', 80),
('Bus55', 'ATT - AT 1307', 'Climatise', '21:00:00', '00:00:00', 'PARAKOU', 'SAVE', 3000, 'Compagnie1', 80),
('Bus56', 'ATT - AT 1307', 'Climatise', '21:00:00', '01:00:00', 'PARAKOU', 'DASSA', 3500, 'Compagnie1', 80),
('Bus57', 'ATT - AT 1307', 'Climatise', '21:00:00', '03:00:00', 'PARAKOU', 'BOHICON', 4500, 'Compagnie1', 80),
('Bus58', 'ATT - AT 1307', 'Climatise', '21:00:00', '06:00:00', 'PARAKOU', 'COTONOU', 7000, 'Compagnie1', 80),
('Bus59', 'POSTE VOYAGE - PV 2401', 'Climatise', '07:00:00', '10:00:00', 'COTONOU', 'BOHICON', 2000, 'Compagnie2', 80),
('Bus6', 'ATT - AT 1302', 'Climatise', '07:00:00', '10:00:00', 'COTONOU', 'BOHICON', 2500, 'Compagnie1', 80),
('Bus60', 'POSTE VOYAGE - PV 2401', 'Climatise', '07:00:00', '11:00:00', 'COTONOU', 'DASSA', 3000, 'Compagnie2', 80),
('Bus61', 'POSTE VOYAGE - PV 2401', 'Climatise', '07:00:00', '12:00:00', 'COTONOU', 'SAVE', 3500, 'Compagnie2', 80),
('Bus62', 'POSTE VOYAGE - PV 2401', 'Climatise', '07:00:00', '13:00:00', 'COTONOU', 'TCHAOUROU', 4000, 'Compagnie2', 80),
('Bus63', 'POSTE VOYAGE - PV 2401', 'Climatise', '07:00:00', '15:00:00', 'COTONOU', 'PARAKOU', 5000, 'Compagnie2', 80),
('Bus64', 'POSTE VOYAGE - PV 2401', 'Climatise', '07:00:00', '09:00:00', 'PARAKOU', 'TCHAOUROU', 1000, 'Compagnie2', 80),
('Bus65', 'POSTE VOYAGE - PV 2401', 'Climatise', '07:00:00', '10:00:00', 'PARAKOU', 'SAVE', 1500, 'Compagnie2', 80),
('Bus66', 'POSTE VOYAGE - PV 2401', 'Climatise', '07:00:00', '11:00:00', 'PARAKOU', 'DASSA', 2000, 'Compagnie2', 80),
('Bus67', 'POSTE VOYAGE - PV 2401', 'Climatise', '07:00:00', '12:00:00', 'PARAKOU', 'BOHICON', 3000, 'Compagnie2', 80),
('Bus68', 'POSTE VOYAGE - PV 2401', 'Climatise', '07:00:00', '15:00:00', 'PARAKOU', 'COTONOU', 5000, 'Compagnie2', 80),
('Bus69', 'POSTE VOYAGE - PV 2402', 'Climatise', '07:00:00', '10:00:00', 'COTONOU', 'BOHICON', 2000, 'Compagnie2', 80),
('Bus7', 'ATT - AT 1302', 'Climatise', '07:00:00', '12:00:00', 'COTONOU', 'DASSA', 3500, 'Compagnie1', 80),
('Bus70', 'POSTE VOYAGE - PV 2402', 'Climatise', '07:00:00', '11:00:00', 'COTONOU', 'DASSA', 3000, 'Compagnie2', 80),
('Bus71', 'POSTE VOYAGE - PV 2402', 'Climatise', '07:00:00', '12:00:00', 'COTONOU', 'SAVE', 3500, 'Compagnie2', 80),
('Bus72', 'POSTE VOYAGE - PV 2402', 'Climatise', '07:00:00', '13:00:00', 'COTONOU', 'TCHAOUROU', 4000, 'Compagnie2', 80),
('Bus73', 'POSTE VOYAGE - PV 2402', 'Climatise', '07:00:00', '15:00:00', 'COTONOU', 'PARAKOU', 5000, 'Compagnie2', 80),
('Bus74', 'POSTE VOYAGE - PV 2402', 'Climatise', '07:00:00', '19:00:00', 'COTONOU', 'NATITINGOU', 7000, 'Compagnie2', 80),
('Bus75', 'POSTE VOYAGE - PV 2402', 'Climatise', '07:00:00', '11:00:00', 'NATITINGOU', 'PARAKOU', 2000, 'Compagnie2', 80),
('Bus76', 'POSTE VOYAGE - PV 2402', 'Climatise', '07:00:00', '13:00:00', 'NATITINGOU', 'TCHAOUROU', 3000, 'Compagnie2', 80),
('Bus77', 'POSTE VOYAGE - PV 2402', 'Climatise', '07:00:00', '14:00:00', 'NATITINGOU', 'SAVE', 3500, 'Compagnie2', 80),
('Bus78', 'POSTE VOYAGE - PV 2402', 'Climatise', '07:00:00', '14:00:00', 'NATITINGOU', 'DASSA', 4000, 'Compagnie2', 80),
('Bus79', 'POSTE VOYAGE - PV 2402', 'Climatise', '07:00:00', '15:00:00', 'NATITINGOU', 'BOHICON', 5000, 'Compagnie2', 80),
('Bus8', 'ATT - AT 1302', 'Climatise', '07:00:00', '13:00:00', 'COTONOU', 'SAVE', 4000, 'Compagnie1', 80),
('Bus80', 'POSTE VOYAGE - PV 2402', 'Climatise', '07:00:00', '19:00:00', 'NATITINGOU', 'COTONOU', 7000, 'Compagnie2', 80),
('Bus81', 'BK LINES - BK 3501', 'Climatise', '09:00:00', '17:00:00', 'COTONOU', 'PARAKOU', 5000, 'Compagnie3', 70),
('Bus82', 'BK LINES - BK 3501', 'Climatise', '09:00:00', '17:00:00', 'PARAKOU', 'COTONOU', 5000, 'Compagnie3', 70),
('Bus83', 'BK LINES - BK 3502', 'Climatise', '09:00:00', '22:00:00', 'COTONOU', 'NATITINGOU', 7000, 'Compagnie3', 70),
('Bus84', 'BK LINES - BK 3502', 'Climatise', '09:00:00', '22:00:00', 'NATITINGOU', 'COTONOU', 7000, 'Compagnie3', 70),
('Bus85', 'BK LINES - BK 3503', 'Climatise', '09:00:00', '20:00:00', 'COTONOU', 'DJOUGOU', 6000, 'Compagnie3', 70),
('Bus86', 'BK LINES - BK 3503', 'Climatise', '09:00:00', '20:00:00', 'DJOUGOU', 'COTONOU', 6000, 'Compagnie3', 70),
('Bus87', 'NAN NIN TRAVEL - NN 4601', 'Non-Climatise', '07:00:00', '15:00:00', 'COTONOU', 'PARAKOU', 5000, 'Compagnie4', 70),
('Bus88', 'NAN NIN TRAVEL - NN 4601', 'Non-Climatise', '07:00:00', '15:00:00', 'PARAKOU', 'COTONOU', 5000, 'Compagnie4', 70),
('Bus89', 'NAN NIN TRAVEL - NN 4602', 'Non-Climatise', '07:00:00', '20:00:00', 'COTONOU', 'NATITINGOU', 7000, 'Compagnie4', 70),
('Bus9', 'ATT - AT 1302', 'Climatise', '07:00:00', '14:00:00', 'COTONOU', 'TCHAOUROU', 5000, 'Compagnie1', 80),
('Bus90', 'NAN NIN TRAVEL - NN 4602', 'Non-Climatise', '07:00:00', '20:00:00', 'NATITINGOU', 'COTONOU', 7000, 'Compagnie4', 70),
('Bus91', 'RAINBOW - RB 5701', 'Climatise', '07:00:00', '19:00:00', 'COTONOU', 'NATITINGOU', 8000, 'Compagnie7', 80),
('Bus92', 'RAINBOW - RB 5701', 'Climatise', '10:00:00', '23:00:00', 'NATITINGOU', 'COTONOU', 8000, 'Compagnie7', 70),
('Bus93', 'AMAGA TRANSPORT - AT 6801', 'Non-Climatise', '08:00:00', '15:00:00', 'COTONOU', 'PARAKOU', 5000, 'Compagnie8', 70),
('Bus94', 'AMAGA TRANSPORT - AT 6801', 'Non-Climatise', '08:00:00', '15:00:00', 'PARAKOU', 'COTONOU', 5000, 'Compagnie8', 70),
('Bus95', 'TETEDE - TT 6901', 'Climatise', '09:00:00', '17:00:00', 'COTONOU', 'PARAKOU', 5000, 'Compagnie9', 70),
('Bus96', 'TETEDE - TT 6901', 'Climatise', '09:00:00', '17:00:00', 'PARAKOU', 'COTONOU', 5000, 'Compagnie9', 70),
('Bus97', 'PAX EXPRESS - PX 7001', 'Climatise', '07:00:00', '10:00:00', 'COTONOU', 'BOHICON', 2000, 'Compagnie6', 80),
('Bus98', 'PAX EXPRESS - PX 7001', 'Climatise', '07:00:00', '11:00:00', 'COTONOU', 'DASSA', 3000, 'Compagnie6', 80),
('Bus99', 'PAX EXPRESS - PX 7001', 'Climatise', '07:00:00', '12:00:00', 'COTONOU', 'SAVE', 3500, 'Compagnie6', 80);

-- --------------------------------------------------------

--
-- Structure de la table `Bus_Frequence`
--

CREATE TABLE `Bus_Frequence` (
  `id_bus_freq` varchar(20) NOT NULL,
  `id_bus` varchar(20) DEFAULT NULL,
  `jours_freq` varchar(10) DEFAULT NULL
) ENGINE=InnoDB DEFAULT CHARSET=latin1;

--
-- Contenu de la table `Bus_Frequence`
--

INSERT INTO `Bus_Frequence` (`id_bus_freq`, `id_bus`, `jours_freq`) VALUES
('Bus_Frequence1', 'Bus1', 'Sunday'),
('Bus_Frequence10', 'Bus2', 'Tuesday'),
('Bus_Frequence100', 'Bus15', 'Monday'),
('Bus_Frequence101', 'Bus15', 'Tuesday'),
('Bus_Frequence102', 'Bus15', 'Wednesday'),
('Bus_Frequence103', 'Bus15', 'Thursday'),
('Bus_Frequence104', 'Bus15', 'Friday'),
('Bus_Frequence105', 'Bus15', 'Saturday'),
('Bus_Frequence106', 'Bus16', 'Sunday'),
('Bus_Frequence107', 'Bus16', 'Monday'),
('Bus_Frequence108', 'Bus16', 'Tuesday'),
('Bus_Frequence109', 'Bus16', 'Wednesday'),
('Bus_Frequence11', 'Bus2', 'Wednesday'),
('Bus_Frequence110', 'Bus16', 'Thursday'),
('Bus_Frequence111', 'Bus16', 'Friday'),
('Bus_Frequence112', 'Bus16', 'Saturday'),
('Bus_Frequence113', 'Bus17', 'Sunday'),
('Bus_Frequence114', 'Bus17', 'Monday'),
('Bus_Frequence115', 'Bus17', 'Tuesday'),
('Bus_Frequence116', 'Bus17', 'Wednesday'),
('Bus_Frequence117', 'Bus17', 'Thursday'),
('Bus_Frequence118', 'Bus17', 'Friday'),
('Bus_Frequence119', 'Bus17', 'Saturday'),
('Bus_Frequence12', 'Bus2', 'Thursday'),
('Bus_Frequence120', 'Bus18', 'Sunday'),
('Bus_Frequence121', 'Bus18', 'Wednesday'),
('Bus_Frequence122', 'Bus18', 'Thursday'),
('Bus_Frequence123', 'Bus18', 'Friday'),
('Bus_Frequence124', 'Bus18', 'Saturday'),
('Bus_Frequence125', 'Bus19', 'Sunday'),
('Bus_Frequence126', 'Bus19', 'Wednesday'),
('Bus_Frequence127', 'Bus19', 'Thursday'),
('Bus_Frequence128', 'Bus19', 'Friday'),
('Bus_Frequence129', 'Bus19', 'Saturday'),
('Bus_Frequence13', 'Bus2', 'Friday'),
('Bus_Frequence130', 'Bus20', 'Sunday'),
('Bus_Frequence131', 'Bus20', 'Monday'),
('Bus_Frequence132', 'Bus20', 'Thursday'),
('Bus_Frequence133', 'Bus20', 'Friday'),
('Bus_Frequence134', 'Bus20', 'Saturday'),
('Bus_Frequence135', 'Bus21', 'Sunday'),
('Bus_Frequence136', 'Bus21', 'Monday'),
('Bus_Frequence137', 'Bus21', 'Thursday'),
('Bus_Frequence138', 'Bus21', 'Friday'),
('Bus_Frequence139', 'Bus21', 'Saturday'),
('Bus_Frequence14', 'Bus2', 'Saturday'),
('Bus_Frequence140', 'Bus22', 'Sunday'),
('Bus_Frequence141', 'Bus22', 'Monday'),
('Bus_Frequence142', 'Bus22', 'Tuesday'),
('Bus_Frequence143', 'Bus22', 'Wednesday'),
('Bus_Frequence144', 'Bus22', 'Thursday'),
('Bus_Frequence145', 'Bus22', 'Friday'),
('Bus_Frequence146', 'Bus22', 'Saturday'),
('Bus_Frequence147', 'Bus23', 'Sunday'),
('Bus_Frequence148', 'Bus23', 'Monday'),
('Bus_Frequence149', 'Bus23', 'Tuesday'),
('Bus_Frequence15', 'Bus3', 'Sunday'),
('Bus_Frequence150', 'Bus23', 'Wednesday'),
('Bus_Frequence151', 'Bus23', 'Thursday'),
('Bus_Frequence152', 'Bus23', 'Friday'),
('Bus_Frequence153', 'Bus23', 'Saturday'),
('Bus_Frequence154', 'Bus24', 'Sunday'),
('Bus_Frequence155', 'Bus24', 'Monday'),
('Bus_Frequence156', 'Bus24', 'Tuesday'),
('Bus_Frequence157', 'Bus24', 'Wednesday'),
('Bus_Frequence158', 'Bus24', 'Thursday'),
('Bus_Frequence159', 'Bus24', 'Friday'),
('Bus_Frequence16', 'Bus3', 'Monday'),
('Bus_Frequence160', 'Bus24', 'Saturday'),
('Bus_Frequence161', 'Bus25', 'Sunday'),
('Bus_Frequence162', 'Bus25', 'Monday'),
('Bus_Frequence163', 'Bus25', 'Tuesday'),
('Bus_Frequence164', 'Bus25', 'Wednesday'),
('Bus_Frequence165', 'Bus25', 'Thursday'),
('Bus_Frequence166', 'Bus25', 'Friday'),
('Bus_Frequence167', 'Bus25', 'Saturday'),
('Bus_Frequence168', 'Bus26', 'Sunday'),
('Bus_Frequence169', 'Bus26', 'Monday'),
('Bus_Frequence17', 'Bus3', 'Tuesday'),
('Bus_Frequence170', 'Bus26', 'Tuesday'),
('Bus_Frequence171', 'Bus26', 'Wednesday'),
('Bus_Frequence172', 'Bus26', 'Thursday'),
('Bus_Frequence173', 'Bus26', 'Friday'),
('Bus_Frequence174', 'Bus26', 'Saturday'),
('Bus_Frequence175', 'Bus27', 'Sunday'),
('Bus_Frequence176', 'Bus27', 'Monday'),
('Bus_Frequence177', 'Bus27', 'Tuesday'),
('Bus_Frequence178', 'Bus27', 'Wednesday'),
('Bus_Frequence179', 'Bus27', 'Thursday'),
('Bus_Frequence18', 'Bus3', 'Wednesday'),
('Bus_Frequence180', 'Bus27', 'Friday'),
('Bus_Frequence181', 'Bus27', 'Saturday'),
('Bus_Frequence182', 'Bus28', 'Sunday'),
('Bus_Frequence183', 'Bus28', 'Monday'),
('Bus_Frequence184', 'Bus28', 'Tuesday'),
('Bus_Frequence185', 'Bus28', 'Wednesday'),
('Bus_Frequence186', 'Bus28', 'Thursday'),
('Bus_Frequence187', 'Bus28', 'Friday'),
('Bus_Frequence188', 'Bus28', 'Saturday'),
('Bus_Frequence189', 'Bus29', 'Sunday'),
('Bus_Frequence19', 'Bus3', 'Thursday'),
('Bus_Frequence190', 'Bus29', 'Monday'),
('Bus_Frequence191', 'Bus29', 'Tuesday'),
('Bus_Frequence192', 'Bus29', 'Wednesday'),
('Bus_Frequence193', 'Bus29', 'Thursday'),
('Bus_Frequence194', 'Bus29', 'Friday'),
('Bus_Frequence195', 'Bus29', 'Saturday'),
('Bus_Frequence196', 'Bus30', 'Sunday'),
('Bus_Frequence197', 'Bus30', 'Monday'),
('Bus_Frequence198', 'Bus30', 'Tuesday'),
('Bus_Frequence199', 'Bus30', 'Wednesday'),
('Bus_Frequence2', 'Bus1', 'Monday'),
('Bus_Frequence20', 'Bus3', 'Friday'),
('Bus_Frequence200', 'Bus30', 'Thursday'),
('Bus_Frequence201', 'Bus30', 'Friday'),
('Bus_Frequence202', 'Bus30', 'Saturday'),
('Bus_Frequence203', 'Bus31', 'Sunday'),
('Bus_Frequence204', 'Bus31', 'Monday'),
('Bus_Frequence205', 'Bus31', 'Tuesday'),
('Bus_Frequence206', 'Bus31', 'Wednesday'),
('Bus_Frequence207', 'Bus31', 'Thursday'),
('Bus_Frequence208', 'Bus31', 'Friday'),
('Bus_Frequence209', 'Bus31', 'Saturday'),
('Bus_Frequence21', 'Bus3', 'Saturday'),
('Bus_Frequence210', 'Bus32', 'Sunday'),
('Bus_Frequence211', 'Bus32', 'Monday'),
('Bus_Frequence212', 'Bus32', 'Tuesday'),
('Bus_Frequence213', 'Bus32', 'Wednesday'),
('Bus_Frequence214', 'Bus32', 'Thursday'),
('Bus_Frequence215', 'Bus32', 'Friday'),
('Bus_Frequence216', 'Bus32', 'Saturday'),
('Bus_Frequence217', 'Bus33', 'Sunday'),
('Bus_Frequence218', 'Bus33', 'Monday'),
('Bus_Frequence219', 'Bus33', 'Tuesday'),
('Bus_Frequence22', 'Bus4', 'Sunday'),
('Bus_Frequence220', 'Bus33', 'Wednesday'),
('Bus_Frequence221', 'Bus33', 'Thursday'),
('Bus_Frequence222', 'Bus33', 'Friday'),
('Bus_Frequence223', 'Bus33', 'Saturday'),
('Bus_Frequence224', 'Bus34', 'Sunday'),
('Bus_Frequence225', 'Bus34', 'Monday'),
('Bus_Frequence226', 'Bus34', 'Tuesday'),
('Bus_Frequence227', 'Bus34', 'Wednesday'),
('Bus_Frequence228', 'Bus34', 'Thursday'),
('Bus_Frequence229', 'Bus34', 'Friday'),
('Bus_Frequence23', 'Bus4', 'Monday'),
('Bus_Frequence230', 'Bus34', 'Saturday'),
('Bus_Frequence231', 'Bus35', 'Sunday'),
('Bus_Frequence232', 'Bus35', 'Monday'),
('Bus_Frequence233', 'Bus35', 'Tuesday'),
('Bus_Frequence234', 'Bus35', 'Wednesday'),
('Bus_Frequence235', 'Bus35', 'Thursday'),
('Bus_Frequence236', 'Bus35', 'Friday'),
('Bus_Frequence237', 'Bus35', 'Saturday'),
('Bus_Frequence238', 'Bus36', 'Sunday'),
('Bus_Frequence239', 'Bus36', 'Monday'),
('Bus_Frequence24', 'Bus4', 'Tuesday'),
('Bus_Frequence240', 'Bus36', 'Tuesday'),
('Bus_Frequence241', 'Bus36', 'Wednesday'),
('Bus_Frequence242', 'Bus36', 'Thursday'),
('Bus_Frequence243', 'Bus36', 'Friday'),
('Bus_Frequence244', 'Bus36', 'Saturday'),
('Bus_Frequence245', 'Bus37', 'Sunday'),
('Bus_Frequence246', 'Bus37', 'Monday'),
('Bus_Frequence247', 'Bus37', 'Tuesday'),
('Bus_Frequence248', 'Bus37', 'Wednesday'),
('Bus_Frequence249', 'Bus37', 'Thursday'),
('Bus_Frequence25', 'Bus4', 'Wednesday'),
('Bus_Frequence250', 'Bus37', 'Friday'),
('Bus_Frequence251', 'Bus37', 'Saturday'),
('Bus_Frequence252', 'Bus38', 'Sunday'),
('Bus_Frequence253', 'Bus38', 'Monday'),
('Bus_Frequence254', 'Bus38', 'Tuesday'),
('Bus_Frequence255', 'Bus38', 'Wednesday'),
('Bus_Frequence256', 'Bus38', 'Thursday'),
('Bus_Frequence257', 'Bus38', 'Friday'),
('Bus_Frequence258', 'Bus38', 'Saturday'),
('Bus_Frequence259', 'Bus39', 'Sunday'),
('Bus_Frequence26', 'Bus4', 'Thursday'),
('Bus_Frequence260', 'Bus39', 'Monday'),
('Bus_Frequence261', 'Bus39', 'Tuesday'),
('Bus_Frequence262', 'Bus39', 'Wednesday'),
('Bus_Frequence263', 'Bus39', 'Thursday'),
('Bus_Frequence264', 'Bus39', 'Friday'),
('Bus_Frequence265', 'Bus39', 'Saturday'),
('Bus_Frequence266', 'Bus40', 'Sunday'),
('Bus_Frequence267', 'Bus40', 'Monday'),
('Bus_Frequence268', 'Bus40', 'Tuesday'),
('Bus_Frequence269', 'Bus40', 'Wednesday'),
('Bus_Frequence27', 'Bus4', 'Friday'),
('Bus_Frequence270', 'Bus40', 'Thursday'),
('Bus_Frequence271', 'Bus40', 'Friday'),
('Bus_Frequence272', 'Bus40', 'Saturday'),
('Bus_Frequence273', 'Bus41', 'Sunday'),
('Bus_Frequence274', 'Bus41', 'Monday'),
('Bus_Frequence275', 'Bus41', 'Tuesday'),
('Bus_Frequence276', 'Bus41', 'Wednesday'),
('Bus_Frequence277', 'Bus41', 'Thursday'),
('Bus_Frequence278', 'Bus41', 'Friday'),
('Bus_Frequence279', 'Bus41', 'Saturday'),
('Bus_Frequence28', 'Bus4', 'Saturday'),
('Bus_Frequence280', 'Bus42', 'Sunday'),
('Bus_Frequence281', 'Bus42', 'Monday'),
('Bus_Frequence282', 'Bus42', 'Tuesday'),
('Bus_Frequence283', 'Bus42', 'Wednesday'),
('Bus_Frequence284', 'Bus42', 'Thursday'),
('Bus_Frequence285', 'Bus42', 'Friday'),
('Bus_Frequence286', 'Bus42', 'Saturday'),
('Bus_Frequence287', 'Bus43', 'Sunday'),
('Bus_Frequence288', 'Bus43', 'Monday'),
('Bus_Frequence289', 'Bus43', 'Tuesday'),
('Bus_Frequence29', 'Bus5', 'Sunday'),
('Bus_Frequence290', 'Bus43', 'Wednesday'),
('Bus_Frequence291', 'Bus43', 'Thursday'),
('Bus_Frequence292', 'Bus43', 'Friday'),
('Bus_Frequence293', 'Bus43', 'Saturday'),
('Bus_Frequence294', 'Bus44', 'Sunday'),
('Bus_Frequence295', 'Bus44', 'Monday'),
('Bus_Frequence296', 'Bus44', 'Tuesday'),
('Bus_Frequence297', 'Bus44', 'Wednesday'),
('Bus_Frequence298', 'Bus44', 'Thursday'),
('Bus_Frequence299', 'Bus44', 'Friday'),
('Bus_Frequence3', 'Bus1', 'Tuesday'),
('Bus_Frequence30', 'Bus5', 'Monday'),
('Bus_Frequence300', 'Bus44', 'Saturday'),
('Bus_Frequence301', 'Bus45', 'Sunday'),
('Bus_Frequence302', 'Bus45', 'Monday'),
('Bus_Frequence303', 'Bus45', 'Tuesday'),
('Bus_Frequence304', 'Bus45', 'Wednesday'),
('Bus_Frequence305', 'Bus45', 'Thursday'),
('Bus_Frequence306', 'Bus45', 'Friday'),
('Bus_Frequence307', 'Bus45', 'Saturday'),
('Bus_Frequence308', 'Bus46', 'Sunday'),
('Bus_Frequence309', 'Bus46', 'Monday'),
('Bus_Frequence31', 'Bus5', 'Tuesday'),
('Bus_Frequence310', 'Bus46', 'Tuesday'),
('Bus_Frequence311', 'Bus46', 'Wednesday'),
('Bus_Frequence312', 'Bus46', 'Thursday'),
('Bus_Frequence313', 'Bus46', 'Friday'),
('Bus_Frequence314', 'Bus46', 'Saturday'),
('Bus_Frequence315', 'Bus47', 'Sunday'),
('Bus_Frequence316', 'Bus47', 'Monday'),
('Bus_Frequence317', 'Bus47', 'Tuesday'),
('Bus_Frequence318', 'Bus47', 'Wednesday'),
('Bus_Frequence319', 'Bus47', 'Thursday'),
('Bus_Frequence32', 'Bus5', 'Wednesday'),
('Bus_Frequence320', 'Bus47', 'Friday'),
('Bus_Frequence321', 'Bus47', 'Saturday'),
('Bus_Frequence322', 'Bus48', 'Sunday'),
('Bus_Frequence323', 'Bus48', 'Monday'),
('Bus_Frequence324', 'Bus48', 'Tuesday'),
('Bus_Frequence325', 'Bus48', 'Wednesday'),
('Bus_Frequence326', 'Bus48', 'Thursday'),
('Bus_Frequence327', 'Bus48', 'Friday'),
('Bus_Frequence328', 'Bus48', 'Saturday'),
('Bus_Frequence329', 'Bus49', 'Sunday'),
('Bus_Frequence33', 'Bus5', 'Thursday'),
('Bus_Frequence330', 'Bus49', 'Monday'),
('Bus_Frequence331', 'Bus49', 'Tuesday'),
('Bus_Frequence332', 'Bus49', 'Wednesday'),
('Bus_Frequence333', 'Bus49', 'Thursday'),
('Bus_Frequence334', 'Bus49', 'Friday'),
('Bus_Frequence335', 'Bus49', 'Saturday'),
('Bus_Frequence336', 'Bus50', 'Sunday'),
('Bus_Frequence337', 'Bus50', 'Monday'),
('Bus_Frequence338', 'Bus50', 'Tuesday'),
('Bus_Frequence339', 'Bus50', 'Wednesday'),
('Bus_Frequence34', 'Bus5', 'Friday'),
('Bus_Frequence340', 'Bus50', 'Thursday'),
('Bus_Frequence341', 'Bus50', 'Friday'),
('Bus_Frequence342', 'Bus50', 'Saturday'),
('Bus_Frequence343', 'Bus51', 'Sunday'),
('Bus_Frequence344', 'Bus51', 'Monday'),
('Bus_Frequence345', 'Bus51', 'Tuesday'),
('Bus_Frequence346', 'Bus51', 'Wednesday'),
('Bus_Frequence347', 'Bus51', 'Thursday'),
('Bus_Frequence348', 'Bus51', 'Friday'),
('Bus_Frequence349', 'Bus51', 'Saturday'),
('Bus_Frequence35', 'Bus5', 'Saturday'),
('Bus_Frequence350', 'Bus52', 'Sunday'),
('Bus_Frequence351', 'Bus52', 'Monday'),
('Bus_Frequence352', 'Bus52', 'Tuesday'),
('Bus_Frequence353', 'Bus52', 'Wednesday'),
('Bus_Frequence354', 'Bus52', 'Thursday'),
('Bus_Frequence355', 'Bus52', 'Friday'),
('Bus_Frequence356', 'Bus52', 'Saturday'),
('Bus_Frequence357', 'Bus53', 'Sunday'),
('Bus_Frequence358', 'Bus53', 'Monday'),
('Bus_Frequence359', 'Bus53', 'Tuesday'),
('Bus_Frequence36', 'Bus6', 'Sunday'),
('Bus_Frequence360', 'Bus53', 'Wednesday'),
('Bus_Frequence361', 'Bus53', 'Thursday'),
('Bus_Frequence362', 'Bus53', 'Friday'),
('Bus_Frequence363', 'Bus53', 'Saturday'),
('Bus_Frequence364', 'Bus54', 'Sunday'),
('Bus_Frequence365', 'Bus54', 'Monday'),
('Bus_Frequence366', 'Bus54', 'Tuesday'),
('Bus_Frequence367', 'Bus54', 'Wednesday'),
('Bus_Frequence368', 'Bus54', 'Thursday'),
('Bus_Frequence369', 'Bus54', 'Friday'),
('Bus_Frequence37', 'Bus6', 'Monday'),
('Bus_Frequence370', 'Bus54', 'Saturday'),
('Bus_Frequence371', 'Bus55', 'Sunday'),
('Bus_Frequence372', 'Bus55', 'Monday'),
('Bus_Frequence373', 'Bus55', 'Tuesday'),
('Bus_Frequence374', 'Bus55', 'Wednesday'),
('Bus_Frequence375', 'Bus55', 'Thursday'),
('Bus_Frequence376', 'Bus55', 'Friday'),
('Bus_Frequence377', 'Bus55', 'Saturday'),
('Bus_Frequence378', 'Bus56', 'Sunday'),
('Bus_Frequence379', 'Bus56', 'Monday'),
('Bus_Frequence38', 'Bus6', 'Tuesday'),
('Bus_Frequence380', 'Bus56', 'Tuesday'),
('Bus_Frequence381', 'Bus56', 'Wednesday'),
('Bus_Frequence382', 'Bus56', 'Thursday'),
('Bus_Frequence383', 'Bus56', 'Friday'),
('Bus_Frequence384', 'Bus56', 'Saturday'),
('Bus_Frequence385', 'Bus57', 'Sunday'),
('Bus_Frequence386', 'Bus57', 'Monday'),
('Bus_Frequence387', 'Bus57', 'Tuesday'),
('Bus_Frequence388', 'Bus57', 'Wednesday'),
('Bus_Frequence389', 'Bus57', 'Thursday'),
('Bus_Frequence39', 'Bus6', 'Wednesday'),
('Bus_Frequence390', 'Bus57', 'Friday'),
('Bus_Frequence391', 'Bus57', 'Saturday'),
('Bus_Frequence392', 'Bus58', 'Sunday'),
('Bus_Frequence393', 'Bus58', 'Monday'),
('Bus_Frequence394', 'Bus58', 'Tuesday'),
('Bus_Frequence395', 'Bus58', 'Wednesday'),
('Bus_Frequence396', 'Bus58', 'Thursday'),
('Bus_Frequence397', 'Bus58', 'Friday'),
('Bus_Frequence398', 'Bus58', 'Saturday'),
('Bus_Frequence399', 'Bus59', 'Monday'),
('Bus_Frequence4', 'Bus1', 'Wednesday'),
('Bus_Frequence40', 'Bus6', 'Thursday'),
('Bus_Frequence400', 'Bus59', 'Tuesday'),
('Bus_Frequence401', 'Bus59', 'Wednesday'),
('Bus_Frequence402', 'Bus59', 'Thursday'),
('Bus_Frequence403', 'Bus59', 'Friday'),
('Bus_Frequence404', 'Bus60', 'Monday'),
('Bus_Frequence405', 'Bus60', 'Tuesday'),
('Bus_Frequence406', 'Bus60', 'Wednesday'),
('Bus_Frequence407', 'Bus60', 'Thursday'),
('Bus_Frequence408', 'Bus60', 'Friday'),
('Bus_Frequence409', 'Bus61', 'Monday'),
('Bus_Frequence41', 'Bus6', 'Friday'),
('Bus_Frequence410', 'Bus61', 'Tuesday'),
('Bus_Frequence411', 'Bus61', 'Wednesday'),
('Bus_Frequence412', 'Bus61', 'Thursday'),
('Bus_Frequence413', 'Bus62', 'Monday'),
('Bus_Frequence414', 'Bus62', 'Tuesday'),
('Bus_Frequence415', 'Bus62', 'Wednesday'),
('Bus_Frequence416', 'Bus62', 'Thursday'),
('Bus_Frequence417', 'Bus62', 'Friday'),
('Bus_Frequence418', 'Bus63', 'Monday'),
('Bus_Frequence419', 'Bus63', 'Tuesday'),
('Bus_Frequence42', 'Bus6', 'Saturday'),
('Bus_Frequence420', 'Bus63', 'Wednesday'),
('Bus_Frequence421', 'Bus63', 'Thursday'),
('Bus_Frequence422', 'Bus63', 'Friday'),
('Bus_Frequence423', 'Bus64', 'Monday'),
('Bus_Frequence424', 'Bus64', 'Tuesday'),
('Bus_Frequence425', 'Bus64', 'Wednesday'),
('Bus_Frequence426', 'Bus64', 'Thursday'),
('Bus_Frequence427', 'Bus64', 'Friday'),
('Bus_Frequence428', 'Bus65', 'Monday'),
('Bus_Frequence429', 'Bus65', 'Tuesday'),
('Bus_Frequence43', 'Bus7', 'Sunday'),
('Bus_Frequence430', 'Bus65', 'Wednesday'),
('Bus_Frequence431', 'Bus65', 'Thursday'),
('Bus_Frequence432', 'Bus65', 'Friday'),
('Bus_Frequence433', 'Bus66', 'Monday'),
('Bus_Frequence434', 'Bus66', 'Tuesday'),
('Bus_Frequence435', 'Bus66', 'Wednesday'),
('Bus_Frequence436', 'Bus66', 'Thursday'),
('Bus_Frequence437', 'Bus66', 'Friday'),
('Bus_Frequence438', 'Bus67', 'Monday'),
('Bus_Frequence439', 'Bus67', 'Tuesday'),
('Bus_Frequence44', 'Bus7', 'Monday'),
('Bus_Frequence440', 'Bus67', 'Wednesday'),
('Bus_Frequence441', 'Bus67', 'Thursday'),
('Bus_Frequence442', 'Bus67', 'Friday'),
('Bus_Frequence443', 'Bus68', 'Monday'),
('Bus_Frequence444', 'Bus68', 'Tuesday'),
('Bus_Frequence445', 'Bus68', 'Wednesday'),
('Bus_Frequence446', 'Bus68', 'Thursday'),
('Bus_Frequence447', 'Bus68', 'Friday'),
('Bus_Frequence448', 'Bus69', 'Monday'),
('Bus_Frequence449', 'Bus69', 'Tuesday'),
('Bus_Frequence45', 'Bus7', 'Tuesday'),
('Bus_Frequence450', 'Bus69', 'Wednesday'),
('Bus_Frequence451', 'Bus69', 'Thursday'),
('Bus_Frequence452', 'Bus69', 'Friday'),
('Bus_Frequence453', 'Bus70', 'Monday'),
('Bus_Frequence454', 'Bus70', 'Tuesday'),
('Bus_Frequence455', 'Bus70', 'Wednesday'),
('Bus_Frequence456', 'Bus70', 'Thursday'),
('Bus_Frequence457', 'Bus70', 'Friday'),
('Bus_Frequence458', 'Bus71', 'Monday'),
('Bus_Frequence459', 'Bus71', 'Tuesday'),
('Bus_Frequence46', 'Bus7', 'Wednesday'),
('Bus_Frequence460', 'Bus71', 'Wednesday'),
('Bus_Frequence461', 'Bus71', 'Thursday'),
('Bus_Frequence462', 'Bus71', 'Friday'),
('Bus_Frequence463', 'Bus72', 'Monday'),
('Bus_Frequence464', 'Bus72', 'Tuesday'),
('Bus_Frequence465', 'Bus72', 'Wednesday'),
('Bus_Frequence466', 'Bus72', 'Thursday'),
('Bus_Frequence467', 'Bus72', 'Friday'),
('Bus_Frequence468', 'Bus73', 'Monday'),
('Bus_Frequence469', 'Bus73', 'Tuesday'),
('Bus_Frequence47', 'Bus7', 'Thursday'),
('Bus_Frequence470', 'Bus73', 'Wednesday'),
('Bus_Frequence471', 'Bus73', 'Thursday'),
('Bus_Frequence472', 'Bus73', 'Friday'),
('Bus_Frequence473', 'Bus74', 'Monday'),
('Bus_Frequence474', 'Bus74', 'Tuesday'),
('Bus_Frequence475', 'Bus74', 'Wednesday'),
('Bus_Frequence476', 'Bus74', 'Thursday'),
('Bus_Frequence477', 'Bus74', 'Friday'),
('Bus_Frequence478', 'Bus75', 'Monday'),
('Bus_Frequence479', 'Bus75', 'Tuesday'),
('Bus_Frequence48', 'Bus7', 'Friday'),
('Bus_Frequence480', 'Bus75', 'Wednesday'),
('Bus_Frequence481', 'Bus75', 'Thursday'),
('Bus_Frequence482', 'Bus75', 'Friday'),
('Bus_Frequence483', 'Bus76', 'Monday'),
('Bus_Frequence484', 'Bus76', 'Tuesday'),
('Bus_Frequence485', 'Bus76', 'Wednesday'),
('Bus_Frequence486', 'Bus76', 'Thursday'),
('Bus_Frequence487', 'Bus76', 'Friday'),
('Bus_Frequence488', 'Bus77', 'Monday'),
('Bus_Frequence489', 'Bus77', 'Tuesday'),
('Bus_Frequence49', 'Bus7', 'Saturday'),
('Bus_Frequence490', 'Bus77', 'Wednesday'),
('Bus_Frequence491', 'Bus77', 'Thursday'),
('Bus_Frequence492', 'Bus77', 'Friday'),
('Bus_Frequence493', 'Bus78', 'Monday'),
('Bus_Frequence494', 'Bus78', 'Tuesday'),
('Bus_Frequence495', 'Bus78', 'Wednesday'),
('Bus_Frequence496', 'Bus78', 'Thursday'),
('Bus_Frequence497', 'Bus78', 'Friday'),
('Bus_Frequence498', 'Bus79', 'Monday'),
('Bus_Frequence499', 'Bus79', 'Tuesday'),
('Bus_Frequence5', 'Bus1', 'Thursday'),
('Bus_Frequence50', 'Bus8', 'Sunday'),
('Bus_Frequence500', 'Bus79', 'Wednesday'),
('Bus_Frequence501', 'Bus79', 'Thursday'),
('Bus_Frequence502', 'Bus79', 'Friday'),
('Bus_Frequence503', 'Bus80', 'Monday'),
('Bus_Frequence504', 'Bus80', 'Tuesday'),
('Bus_Frequence505', 'Bus80', 'Wednesday'),
('Bus_Frequence506', 'Bus80', 'Thursday'),
('Bus_Frequence507', 'Bus80', 'Friday'),
('Bus_Frequence508', 'Bus81', 'Sunday'),
('Bus_Frequence509', 'Bus81', 'Monday'),
('Bus_Frequence51', 'Bus8', 'Monday'),
('Bus_Frequence510', 'Bus81', 'Tuesday'),
('Bus_Frequence511', 'Bus81', 'Wednesday'),
('Bus_Frequence512', 'Bus81', 'Thursday'),
('Bus_Frequence513', 'Bus81', 'Friday'),
('Bus_Frequence514', 'Bus81', 'Saturday'),
('Bus_Frequence515', 'Bus82', 'Sunday'),
('Bus_Frequence516', 'Bus82', 'Monday'),
('Bus_Frequence517', 'Bus82', 'Tuesday'),
('Bus_Frequence518', 'Bus82', 'Wednesday'),
('Bus_Frequence519', 'Bus82', 'Thursday'),
('Bus_Frequence52', 'Bus8', 'Tuesday'),
('Bus_Frequence520', 'Bus82', 'Friday'),
('Bus_Frequence521', 'Bus82', 'Saturday'),
('Bus_Frequence522', 'Bus83', 'Sunday'),
('Bus_Frequence523', 'Bus83', 'Monday'),
('Bus_Frequence524', 'Bus83', 'Tuesday'),
('Bus_Frequence525', 'Bus83', 'Wednesday'),
('Bus_Frequence526', 'Bus83', 'Thursday'),
('Bus_Frequence527', 'Bus83', 'Friday'),
('Bus_Frequence528', 'Bus83', 'Saturday'),
('Bus_Frequence529', 'Bus84', 'Sunday'),
('Bus_Frequence53', 'Bus8', 'Wednesday'),
('Bus_Frequence530', 'Bus84', 'Monday'),
('Bus_Frequence531', 'Bus84', 'Tuesday'),
('Bus_Frequence532', 'Bus84', 'Wednesday'),
('Bus_Frequence533', 'Bus84', 'Thursday'),
('Bus_Frequence534', 'Bus84', 'Friday'),
('Bus_Frequence535', 'Bus84', 'Saturday'),
('Bus_Frequence536', 'Bus85', 'Sunday'),
('Bus_Frequence537', 'Bus85', 'Monday'),
('Bus_Frequence538', 'Bus85', 'Tuesday'),
('Bus_Frequence539', 'Bus85', 'Wednesday'),
('Bus_Frequence54', 'Bus8', 'Thursday'),
('Bus_Frequence540', 'Bus85', 'Thursday'),
('Bus_Frequence541', 'Bus85', 'Friday'),
('Bus_Frequence542', 'Bus85', 'Saturday'),
('Bus_Frequence543', 'Bus86', 'Sunday'),
('Bus_Frequence544', 'Bus86', 'Monday'),
('Bus_Frequence545', 'Bus86', 'Tuesday'),
('Bus_Frequence546', 'Bus86', 'Wednesday'),
('Bus_Frequence547', 'Bus86', 'Thursday'),
('Bus_Frequence548', 'Bus86', 'Friday'),
('Bus_Frequence549', 'Bus86', 'Saturday'),
('Bus_Frequence55', 'Bus8', 'Friday'),
('Bus_Frequence550', 'Bus87', 'Sunday'),
('Bus_Frequence551', 'Bus87', 'Monday'),
('Bus_Frequence552', 'Bus87', 'Tuesday'),
('Bus_Frequence553', 'Bus87', 'Wednesday'),
('Bus_Frequence554', 'Bus87', 'Thursday'),
('Bus_Frequence555', 'Bus87', 'Friday'),
('Bus_Frequence556', 'Bus87', 'Saturday'),
('Bus_Frequence557', 'Bus88', 'Sunday'),
('Bus_Frequence558', 'Bus88', 'Monday'),
('Bus_Frequence559', 'Bus88', 'Tuesday'),
('Bus_Frequence56', 'Bus8', 'Saturday'),
('Bus_Frequence560', 'Bus88', 'Wednesday'),
('Bus_Frequence561', 'Bus88', 'Thursday'),
('Bus_Frequence562', 'Bus88', 'Friday'),
('Bus_Frequence563', 'Bus88', 'Saturday'),
('Bus_Frequence564', 'Bus89', 'Sunday'),
('Bus_Frequence565', 'Bus89', 'Monday'),
('Bus_Frequence566', 'Bus89', 'Tuesday'),
('Bus_Frequence567', 'Bus89', 'Wednesday'),
('Bus_Frequence568', 'Bus89', 'Thursday'),
('Bus_Frequence569', 'Bus89', 'Friday'),
('Bus_Frequence57', 'Bus9', 'Sunday'),
('Bus_Frequence570', 'Bus89', 'Saturday'),
('Bus_Frequence571', 'Bus90', 'Sunday'),
('Bus_Frequence572', 'Bus90', 'Monday'),
('Bus_Frequence573', 'Bus90', 'Tuesday'),
('Bus_Frequence574', 'Bus90', 'Wednesday'),
('Bus_Frequence575', 'Bus90', 'Thursday'),
('Bus_Frequence576', 'Bus90', 'Friday'),
('Bus_Frequence577', 'Bus90', 'Saturday'),
('Bus_Frequence578', 'Bus91', 'Thursday'),
('Bus_Frequence579', 'Bus91', 'Friday'),
('Bus_Frequence58', 'Bus9', 'Monday'),
('Bus_Frequence580', 'Bus91', 'Saturday'),
('Bus_Frequence581', 'Bus92', 'Thursday'),
('Bus_Frequence582', 'Bus92', 'Friday'),
('Bus_Frequence583', 'Bus92', 'Saturday'),
('Bus_Frequence584', 'Bus93', 'Sunday'),
('Bus_Frequence585', 'Bus93', 'Monday'),
('Bus_Frequence586', 'Bus93', 'Tuesday'),
('Bus_Frequence587', 'Bus93', 'Wednesday'),
('Bus_Frequence588', 'Bus93', 'Thursday'),
('Bus_Frequence589', 'Bus93', 'Friday'),
('Bus_Frequence59', 'Bus9', 'Tuesday'),
('Bus_Frequence590', 'Bus93', 'Saturday'),
('Bus_Frequence591', 'Bus94', 'Sunday'),
('Bus_Frequence592', 'Bus94', 'Monday'),
('Bus_Frequence593', 'Bus94', 'Tuesday'),
('Bus_Frequence594', 'Bus94', 'Wednesday'),
('Bus_Frequence595', 'Bus94', 'Thursday'),
('Bus_Frequence596', 'Bus94', 'Friday'),
('Bus_Frequence597', 'Bus94', 'Saturday'),
('Bus_Frequence598', 'Bus95', 'Monday'),
('Bus_Frequence599', 'Bus95', 'Tuesday'),
('Bus_Frequence6', 'Bus1', 'Friday'),
('Bus_Frequence60', 'Bus9', 'Wednesday'),
('Bus_Frequence600', 'Bus95', 'Wednesday'),
('Bus_Frequence601', 'Bus95', 'Thursday'),
('Bus_Frequence602', 'Bus96', 'Monday'),
('Bus_Frequence603', 'Bus96', 'Tuesday'),
('Bus_Frequence604', 'Bus96', 'Wednesday'),
('Bus_Frequence605', 'Bus96', 'Thursday'),
('Bus_Frequence606', 'Bus97', 'Sunday'),
('Bus_Frequence607', 'Bus97', 'Monday'),
('Bus_Frequence608', 'Bus97', 'Tuesday'),
('Bus_Frequence609', 'Bus97', 'Wednesday'),
('Bus_Frequence61', 'Bus9', 'Thursday'),
('Bus_Frequence610', 'Bus97', 'Thursday'),
('Bus_Frequence611', 'Bus97', 'Friday'),
('Bus_Frequence612', 'Bus97', 'Saturday'),
('Bus_Frequence613', 'Bus98', 'Sunday'),
('Bus_Frequence614', 'Bus98', 'Monday'),
('Bus_Frequence615', 'Bus98', 'Tuesday'),
('Bus_Frequence616', 'Bus98', 'Wednesday'),
('Bus_Frequence617', 'Bus98', 'Thursday'),
('Bus_Frequence618', 'Bus98', 'Friday'),
('Bus_Frequence619', 'Bus98', 'Saturday'),
('Bus_Frequence62', 'Bus9', 'Friday'),
('Bus_Frequence620', 'Bus99', 'Sunday'),
('Bus_Frequence621', 'Bus99', 'Monday'),
('Bus_Frequence622', 'Bus99', 'Tuesday'),
('Bus_Frequence623', 'Bus99', 'Wednesday'),
('Bus_Frequence624', 'Bus99', 'Thursday'),
('Bus_Frequence625', 'Bus99', 'Friday'),
('Bus_Frequence626', 'Bus99', 'Saturday'),
('Bus_Frequence627', 'Bus100', 'Sunday'),
('Bus_Frequence628', 'Bus100', 'Monday'),
('Bus_Frequence629', 'Bus100', 'Tuesday'),
('Bus_Frequence63', 'Bus9', 'Saturday'),
('Bus_Frequence630', 'Bus100', 'Wednesday'),
('Bus_Frequence631', 'Bus100', 'Thursday'),
('Bus_Frequence632', 'Bus100', 'Friday'),
('Bus_Frequence633', 'Bus100', 'Saturday'),
('Bus_Frequence634', 'Bus101', 'Sunday'),
('Bus_Frequence635', 'Bus101', 'Monday'),
('Bus_Frequence636', 'Bus101', 'Tuesday'),
('Bus_Frequence637', 'Bus101', 'Wednesday'),
('Bus_Frequence638', 'Bus101', 'Thursday'),
('Bus_Frequence639', 'Bus101', 'Friday'),
('Bus_Frequence64', 'Bus10', 'Sunday'),
('Bus_Frequence640', 'Bus101', 'Saturday'),
('Bus_Frequence641', 'Bus102', 'Sunday'),
('Bus_Frequence642', 'Bus102', 'Monday'),
('Bus_Frequence643', 'Bus102', 'Tuesday'),
('Bus_Frequence644', 'Bus102', 'Wednesday'),
('Bus_Frequence645', 'Bus102', 'Thursday'),
('Bus_Frequence646', 'Bus102', 'Friday'),
('Bus_Frequence647', 'Bus102', 'Saturday'),
('Bus_Frequence648', 'Bus103', 'Sunday'),
('Bus_Frequence649', 'Bus103', 'Monday'),
('Bus_Frequence65', 'Bus10', 'Monday'),
('Bus_Frequence650', 'Bus103', 'Tuesday'),
('Bus_Frequence651', 'Bus103', 'Wednesday'),
('Bus_Frequence652', 'Bus103', 'Thursday'),
('Bus_Frequence653', 'Bus103', 'Friday'),
('Bus_Frequence654', 'Bus103', 'Saturday'),
('Bus_Frequence655', 'Bus104', 'Sunday'),
('Bus_Frequence656', 'Bus104', 'Monday'),
('Bus_Frequence657', 'Bus104', 'Tuesday'),
('Bus_Frequence658', 'Bus104', 'Wednesday'),
('Bus_Frequence659', 'Bus104', 'Thursday'),
('Bus_Frequence66', 'Bus10', 'Tuesday'),
('Bus_Frequence660', 'Bus104', 'Friday'),
('Bus_Frequence661', 'Bus104', 'Saturday'),
('Bus_Frequence662', 'Bus105', 'Sunday'),
('Bus_Frequence663', 'Bus105', 'Monday'),
('Bus_Frequence664', 'Bus105', 'Tuesday'),
('Bus_Frequence665', 'Bus105', 'Wednesday'),
('Bus_Frequence666', 'Bus105', 'Thursday'),
('Bus_Frequence667', 'Bus105', 'Friday'),
('Bus_Frequence668', 'Bus105', 'Saturday'),
('Bus_Frequence669', 'Bus106', 'Sunday'),
('Bus_Frequence67', 'Bus10', 'Wednesday'),
('Bus_Frequence670', 'Bus106', 'Monday'),
('Bus_Frequence671', 'Bus106', 'Tuesday'),
('Bus_Frequence672', 'Bus106', 'Wednesday'),
('Bus_Frequence673', 'Bus106', 'Thursday'),
('Bus_Frequence674', 'Bus106', 'Friday'),
('Bus_Frequence675', 'Bus106', 'Saturday'),
('Bus_Frequence676', 'Bus107', 'Sunday'),
('Bus_Frequence677', 'Bus107', 'Monday'),
('Bus_Frequence678', 'Bus107', 'Tuesday'),
('Bus_Frequence679', 'Bus107', 'Wednesday'),
('Bus_Frequence68', 'Bus10', 'Thursday'),
('Bus_Frequence680', 'Bus107', 'Thursday'),
('Bus_Frequence681', 'Bus107', 'Friday'),
('Bus_Frequence682', 'Bus107', 'Saturday'),
('Bus_Frequence683', 'Bus108', 'Sunday'),
('Bus_Frequence684', 'Bus108', 'Monday'),
('Bus_Frequence685', 'Bus108', 'Tuesday'),
('Bus_Frequence686', 'Bus108', 'Wednesday'),
('Bus_Frequence687', 'Bus108', 'Thursday'),
('Bus_Frequence688', 'Bus108', 'Friday'),
('Bus_Frequence689', 'Bus108', 'Saturday'),
('Bus_Frequence69', 'Bus10', 'Friday'),
('Bus_Frequence690', 'Bus109', 'Sunday'),
('Bus_Frequence691', 'Bus109', 'Monday'),
('Bus_Frequence692', 'Bus109', 'Tuesday'),
('Bus_Frequence693', 'Bus109', 'Wednesday'),
('Bus_Frequence694', 'Bus109', 'Thursday'),
('Bus_Frequence695', 'Bus109', 'Friday'),
('Bus_Frequence696', 'Bus109', 'Saturday'),
('Bus_Frequence697', 'Bus110', 'Sunday'),
('Bus_Frequence698', 'Bus110', 'Monday'),
('Bus_Frequence699', 'Bus110', 'Tuesday'),
('Bus_Frequence7', 'Bus1', 'Saturday'),
('Bus_Frequence70', 'Bus10', 'Saturday'),
('Bus_Frequence700', 'Bus110', 'Wednesday'),
('Bus_Frequence701', 'Bus110', 'Thursday'),
('Bus_Frequence702', 'Bus110', 'Friday'),
('Bus_Frequence703', 'Bus110', 'Saturday'),
('Bus_Frequence704', 'Bus111', 'Sunday'),
('Bus_Frequence705', 'Bus111', 'Monday'),
('Bus_Frequence706', 'Bus111', 'Tuesday'),
('Bus_Frequence707', 'Bus111', 'Wednesday'),
('Bus_Frequence708', 'Bus111', 'Thursday'),
('Bus_Frequence709', 'Bus111', 'Friday'),
('Bus_Frequence71', 'Bus11', 'Sunday'),
('Bus_Frequence710', 'Bus111', 'Saturday'),
('Bus_Frequence711', 'Bus112', 'Sunday'),
('Bus_Frequence712', 'Bus112', 'Monday'),
('Bus_Frequence713', 'Bus112', 'Tuesday'),
('Bus_Frequence714', 'Bus112', 'Wednesday'),
('Bus_Frequence715', 'Bus112', 'Thursday'),
('Bus_Frequence716', 'Bus112', 'Friday'),
('Bus_Frequence717', 'Bus112', 'Saturday'),
('Bus_Frequence718', 'Bus113', 'Sunday'),
('Bus_Frequence719', 'Bus113', 'Monday'),
('Bus_Frequence72', 'Bus11', 'Monday'),
('Bus_Frequence720', 'Bus113', 'Tuesday'),
('Bus_Frequence721', 'Bus113', 'Wednesday'),
('Bus_Frequence722', 'Bus113', 'Thursday'),
('Bus_Frequence723', 'Bus113', 'Friday'),
('Bus_Frequence724', 'Bus113', 'Saturday'),
('Bus_Frequence725', 'Bus114', 'Sunday'),
('Bus_Frequence726', 'Bus114', 'Monday'),
('Bus_Frequence727', 'Bus114', 'Tuesday'),
('Bus_Frequence728', 'Bus114', 'Wednesday'),
('Bus_Frequence729', 'Bus114', 'Thursday'),
('Bus_Frequence73', 'Bus11', 'Tuesday'),
('Bus_Frequence730', 'Bus114', 'Friday'),
('Bus_Frequence731', 'Bus114', 'Saturday'),
('Bus_Frequence732', 'Bus115', 'Sunday'),
('Bus_Frequence733', 'Bus115', 'Monday'),
('Bus_Frequence734', 'Bus115', 'Tuesday'),
('Bus_Frequence735', 'Bus115', 'Wednesday'),
('Bus_Frequence736', 'Bus115', 'Thursday'),
('Bus_Frequence737', 'Bus115', 'Friday'),
('Bus_Frequence738', 'Bus115', 'Saturday'),
('Bus_Frequence739', 'Bus116', 'Sunday'),
('Bus_Frequence74', 'Bus11', 'Wednesday'),
('Bus_Frequence740', 'Bus116', 'Monday'),
('Bus_Frequence741', 'Bus116', 'Tuesday'),
('Bus_Frequence742', 'Bus116', 'Wednesday'),
('Bus_Frequence743', 'Bus116', 'Thursday'),
('Bus_Frequence744', 'Bus116', 'Friday'),
('Bus_Frequence745', 'Bus116', 'Saturday'),
('Bus_Frequence746', 'Bus117', 'Sunday'),
('Bus_Frequence747', 'Bus117', 'Monday'),
('Bus_Frequence748', 'Bus117', 'Tuesday'),
('Bus_Frequence749', 'Bus117', 'Wednesday'),
('Bus_Frequence75', 'Bus11', 'Thursday'),
('Bus_Frequence750', 'Bus117', 'Thursday'),
('Bus_Frequence751', 'Bus117', 'Friday'),
('Bus_Frequence752', 'Bus117', 'Saturday'),
('Bus_Frequence753', 'Bus118', 'Sunday'),
('Bus_Frequence754', 'Bus118', 'Monday'),
('Bus_Frequence755', 'Bus118', 'Tuesday'),
('Bus_Frequence756', 'Bus118', 'Wednesday'),
('Bus_Frequence757', 'Bus118', 'Thursday'),
('Bus_Frequence758', 'Bus118', 'Friday'),
('Bus_Frequence759', 'Bus118', 'Saturday'),
('Bus_Frequence76', 'Bus11', 'Friday'),
('Bus_Frequence760', 'Bus119', 'Sunday'),
('Bus_Frequence761', 'Bus119', 'Monday'),
('Bus_Frequence762', 'Bus119', 'Tuesday'),
('Bus_Frequence763', 'Bus119', 'Wednesday'),
('Bus_Frequence764', 'Bus119', 'Thursday'),
('Bus_Frequence765', 'Bus119', 'Friday'),
('Bus_Frequence766', 'Bus119', 'Saturday'),
('Bus_Frequence767', 'Bus120', 'Sunday'),
('Bus_Frequence768', 'Bus120', 'Monday'),
('Bus_Frequence769', 'Bus120', 'Tuesday'),
('Bus_Frequence77', 'Bus11', 'Saturday'),
('Bus_Frequence770', 'Bus120', 'Wednesday'),
('Bus_Frequence771', 'Bus120', 'Thursday'),
('Bus_Frequence772', 'Bus120', 'Friday'),
('Bus_Frequence773', 'Bus120', 'Saturday'),
('Bus_Frequence774', 'Bus121', 'Sunday'),
('Bus_Frequence775', 'Bus121', 'Monday'),
('Bus_Frequence776', 'Bus121', 'Tuesday'),
('Bus_Frequence777', 'Bus121', 'Wednesday'),
('Bus_Frequence778', 'Bus121', 'Thursday'),
('Bus_Frequence779', 'Bus121', 'Friday'),
('Bus_Frequence78', 'Bus12', 'Sunday'),
('Bus_Frequence780', 'Bus121', 'Saturday'),
('Bus_Frequence781', 'Bus122', 'Sunday'),
('Bus_Frequence782', 'Bus122', 'Monday'),
('Bus_Frequence783', 'Bus122', 'Tuesday'),
('Bus_Frequence784', 'Bus122', 'Wednesday'),
('Bus_Frequence785', 'Bus122', 'Thursday'),
('Bus_Frequence786', 'Bus122', 'Friday'),
('Bus_Frequence787', 'Bus122', 'Saturday'),
('Bus_Frequence79', 'Bus12', 'Monday'),
('Bus_Frequence8', 'Bus2', 'Sunday'),
('Bus_Frequence80', 'Bus12', 'Tuesday'),
('Bus_Frequence81', 'Bus12', 'Wednesday'),
('Bus_Frequence82', 'Bus12', 'Thursday'),
('Bus_Frequence83', 'Bus12', 'Friday'),
('Bus_Frequence84', 'Bus12', 'Saturday'),
('Bus_Frequence85', 'Bus13', 'Sunday'),
('Bus_Frequence86', 'Bus13', 'Monday'),
('Bus_Frequence87', 'Bus13', 'Tuesday'),
('Bus_Frequence88', 'Bus13', 'Wednesday'),
('Bus_Frequence89', 'Bus13', 'Thursday'),
('Bus_Frequence9', 'Bus2', 'Monday'),
('Bus_Frequence90', 'Bus13', 'Friday'),
('Bus_Frequence91', 'Bus13', 'Saturday'),
('Bus_Frequence92', 'Bus14', 'Sunday'),
('Bus_Frequence93', 'Bus14', 'Monday'),
('Bus_Frequence94', 'Bus14', 'Tuesday'),
('Bus_Frequence95', 'Bus14', 'Wednesday'),
('Bus_Frequence96', 'Bus14', 'Thursday'),
('Bus_Frequence97', 'Bus14', 'Friday'),
('Bus_Frequence98', 'Bus14', 'Saturday'),
('Bus_Frequence99', 'Bus15', 'Sunday');

-- --------------------------------------------------------

--
-- Structure de la table `Compagnie`
--

CREATE TABLE `Compagnie` (
  `id_compagnie` varchar(20) NOT NULL,
  `nom_compagnie` varchar(128) DEFAULT NULL,
  `adresse` varchar(128) DEFAULT NULL,
  `email` varchar(128) NOT NULL,
  `ville` varchar(128) DEFAULT NULL,
  `telephone` varchar(20) DEFAULT NULL,
  `mdp` varchar(128) DEFAULT NULL
) ENGINE=InnoDB DEFAULT CHARSET=latin1;

--
-- Contenu de la table `Compagnie`
--

INSERT INTO `Compagnie` (`id_compagnie`, `nom_compagnie`, `adresse`, `email`, `ville`, `telephone`, `mdp`) VALUES
('Compagnie1', 'AYINA TRANSPORT ET TOURISME', 'Etoile Rouge', 'att@alinagnon.com', 'Cotonou', '97979797', 'att@alinagnon'),
('Compagnie2', 'POSTE VOYAGES', 'Place Lenine', 'poste@alinagnon.com', 'Cotonou', '21212121', 'poste@alinagnon'),
('Compagnie3', 'BK LINES', 'Etoile Rouge', 'bk@alinagnon.com', 'Cotonou', '98989898', 'bk@alinagnon'),
('Compagnie4', 'NAN NIN TRAVEL', 'Etoile Rouge', 'nntr@alinagnon.com', 'Cotonou', '99999999', 'nntr@alinagnon'),
('Compagnie5', 'CONFORT LINE', 'Etoile Rouge', 'confort@alinagnon.com', 'Cotonou', '96969696', 'confort@alinagnon'),
('Compagnie6', 'PAX EXPRESS', 'Etoile Rouge', 'pax@alinagnon.com', 'Cotonou', '95959595', 'pax@alinagnon'),
('Compagnie7', 'RAINBOW', 'Etoile Rouge', 'rainbow@alinagnon.com', 'Cotonou', '94949494', 'rainbow@alinagnon'),
('Compagnie8', 'AMAGA TRANSPORT', 'Etoile Rouge', 'amaga@alingnon.com', 'Cotonou', '90909090', 'amaga@alinagnon'),
('Compagnie9', 'TETEDE', 'Etoile Rouge', 'tetede@alinagnon.com', 'Cotonou', '67676767', 'tetede@alinagnon');

-- --------------------------------------------------------

--
-- Structure de la table `Paiement`
--

CREATE TABLE `Paiement` (
  `id_paiement` varchar(20) NOT NULL,
  `id_reservation` varchar(20) DEFAULT NULL,
  `montant_total` int(6) DEFAULT NULL,
  `date_paiement` timestamp NOT NULL DEFAULT CURRENT_TIMESTAMP ON UPDATE CURRENT_TIMESTAMP,
  `id_compagnie` varchar(20) DEFAULT NULL,
  `total_sieges` int(3) DEFAULT NULL,
  `statut` varchar(10) DEFAULT 'NON PAYER'
) ENGINE=InnoDB DEFAULT CHARSET=latin1;

--
-- Contenu de la table `Paiement`
--

INSERT INTO `Paiement` (`id_paiement`, `id_reservation`, `montant_total`, `date_paiement`, `id_compagnie`, `total_sieges`, `statut`) VALUES
('Paiement1', 'Reservation1', 14000, '2016-08-10 12:33:50', 'Compagnie1', 2, 'NON PAYER'),
('Paiement2', 'Reservation2', 7000, '2016-08-27 10:41:23', 'Compagnie1', 1, 'NON PAYER'),
('Paiement3', 'Reservation3', 16000, '2016-08-31 17:07:55', 'Compagnie1', 4, 'NON PAYER'),
('Paiement4', 'Reservation4', 48000, '2016-09-05 18:26:44', 'Compagnie1', 4, 'NON PAYER'),
('Paiement5', 'Reservation5', 48000, '2016-09-05 18:27:29', 'Compagnie1', 4, 'NON PAYER'),
('Paiement6', 'Reservation6', 40000, '2016-09-21 16:43:42', 'Compagnie1', 8, 'NON PAYER'),
('Paiement7', 'Reservation7', 112000, '2016-09-27 15:47:45', 'Compagnie1', 8, 'NON PAYER'),
('Paiement8', 'Reservation8', 5000, '2016-11-15 13:22:25', 'Compagnie6', 1, 'NON PAYER');

-- --------------------------------------------------------

--
-- Structure de la table `Reservation`
--

CREATE TABLE `Reservation` (
  `id_reservation` varchar(20) NOT NULL,
  `id_user` varchar(128) DEFAULT NULL,
  `id_bus` varchar(20) DEFAULT NULL,
  `date_depart` timestamp NOT NULL DEFAULT CURRENT_TIMESTAMP ON UPDATE CURRENT_TIMESTAMP,
  `heure_depart` time DEFAULT NULL
) ENGINE=InnoDB DEFAULT CHARSET=latin1;

--
-- Contenu de la table `Reservation`
--

INSERT INTO `Reservation` (`id_reservation`, `id_user`, `id_bus`, `date_depart`, `heure_depart`) VALUES
('Reservation1', 'frejus.laleye@gmail.com', 'Bus10', '2016-08-18 23:00:00', '07:00:00'),
('Reservation2', 'frejus.laleye@gmail.com', 'Bus10', '2017-08-01 23:00:00', '07:00:00'),
('Reservation3', 'damespro@yahoo.fr', 'Bus14', '2016-08-31 23:00:00', '07:00:00'),
('Reservation4', 'damespro@yahoo.fr', 'Bus17', '2016-09-07 23:00:00', '07:00:00'),
('Reservation5', 'damespro@yahoo.fr', 'Bus17', '2016-09-07 23:00:00', '07:00:00'),
('Reservation6', 'damespro32@gmail.com', 'Bus42', '2016-09-27 23:00:00', '13:00:00'),
('Reservation7', 'tolode.sylvanus@gmail.com', 'Bus113', '2016-09-29 23:00:00', '07:00:00'),
('Reservation8', '97867515', 'Bus101', '2016-11-16 23:00:00', '07:00:00');

-- --------------------------------------------------------

--
-- Structure de la table `Sieges_Allocation`
--

CREATE TABLE `Sieges_Allocation` (
  `id_siege` varchar(20) NOT NULL,
  `id_reservation` varchar(20) DEFAULT NULL,
  `id_bus` varchar(20) DEFAULT NULL
) ENGINE=InnoDB DEFAULT CHARSET=latin1;

--
-- Contenu de la table `Sieges_Allocation`
--

INSERT INTO `Sieges_Allocation` (`id_siege`, `id_reservation`, `id_bus`) VALUES
('Sieges_Allocation1', 'Reservation1', 'Bus10'),
('Sieges_Allocation10', 'Reservation4', 'Bus17'),
('Sieges_Allocation11', 'Reservation4', 'Bus17'),
('Sieges_Allocation12', 'Reservation5', 'Bus17'),
('Sieges_Allocation13', 'Reservation5', 'Bus17'),
('Sieges_Allocation14', 'Reservation5', 'Bus17'),
('Sieges_Allocation15', 'Reservation5', 'Bus17'),
('Sieges_Allocation16', 'Reservation6', 'Bus42'),
('Sieges_Allocation17', 'Reservation6', 'Bus42'),
('Sieges_Allocation18', 'Reservation6', 'Bus42'),
('Sieges_Allocation19', 'Reservation6', 'Bus42'),
('Sieges_Allocation2', 'Reservation1', 'Bus10'),
('Sieges_Allocation20', 'Reservation6', 'Bus42'),
('Sieges_Allocation21', 'Reservation6', 'Bus42'),
('Sieges_Allocation22', 'Reservation6', 'Bus42'),
('Sieges_Allocation23', 'Reservation6', 'Bus42'),
('Sieges_Allocation24', 'Reservation7', 'Bus113'),
('Sieges_Allocation25', 'Reservation7', 'Bus113'),
('Sieges_Allocation26', 'Reservation7', 'Bus113'),
('Sieges_Allocation27', 'Reservation7', 'Bus113'),
('Sieges_Allocation28', 'Reservation7', 'Bus113'),
('Sieges_Allocation29', 'Reservation7', 'Bus113'),
('Sieges_Allocation3', 'Reservation2', 'Bus10'),
('Sieges_Allocation30', 'Reservation7', 'Bus113'),
('Sieges_Allocation31', 'Reservation7', 'Bus113'),
('Sieges_Allocation32', 'Reservation8', 'Bus101'),
('Sieges_Allocation4', 'Reservation3', 'Bus14'),
('Sieges_Allocation5', 'Reservation3', 'Bus14'),
('Sieges_Allocation6', 'Reservation3', 'Bus14'),
('Sieges_Allocation7', 'Reservation3', 'Bus14'),
('Sieges_Allocation8', 'Reservation4', 'Bus17'),
('Sieges_Allocation9', 'Reservation4', 'Bus17');

-- --------------------------------------------------------

--
-- Structure de la table `User`
--

CREATE TABLE `User` (
  `id_user` varchar(128) NOT NULL DEFAULT '',
  `nom` varchar(64) DEFAULT NULL,
  `prenom` varchar(64) DEFAULT NULL,
  `adresse` varchar(128) DEFAULT NULL,
  `ville` varchar(128) DEFAULT NULL,
  `email` varchar(128) NOT NULL,
  `telephone` varchar(50) DEFAULT NULL,
  `mdp` varchar(128) DEFAULT NULL,
  `secQst` varchar(255) NOT NULL,
  `secAns` varchar(255) NOT NULL
) ENGINE=InnoDB DEFAULT CHARSET=latin1;

--
-- Contenu de la table `User`
--

INSERT INTO `User` (`id_user`, `nom`, `prenom`, `adresse`, `ville`, `email`, `telephone`, `mdp`, `secQst`, `secAns`) VALUES
('User1', 'DANDJEKPO', 'Prosper', 'Mahicodji', 'Abomey-Calavi', 'damespro32@gmail.com', '97772779', 'Tameshy ', 'Quel est selon vous le metier ideal?', 'Commerce');

--
-- Index pour les tables exportées
--

--
-- Index pour la table `Admin`
--
ALTER TABLE `Admin`
  ADD PRIMARY KEY (`id`);

--
-- Index pour la table `Bus`
--
ALTER TABLE `Bus`
  ADD PRIMARY KEY (`id_bus`),
  ADD KEY `id_compagnie` (`id_compagnie`);

--
-- Index pour la table `Bus_Frequence`
--
ALTER TABLE `Bus_Frequence`
  ADD PRIMARY KEY (`id_bus_freq`),
  ADD KEY `id_bus` (`id_bus`);

--
-- Index pour la table `Compagnie`
--
ALTER TABLE `Compagnie`
  ADD PRIMARY KEY (`id_compagnie`),
  ADD UNIQUE KEY `email` (`email`);

--
-- Index pour la table `Paiement`
--
ALTER TABLE `Paiement`
  ADD PRIMARY KEY (`id_paiement`),
  ADD KEY `id_reservation` (`id_reservation`),
  ADD KEY `id_compagnie` (`id_compagnie`);

--
-- Index pour la table `Reservation`
--
ALTER TABLE `Reservation`
  ADD PRIMARY KEY (`id_reservation`),
  ADD KEY `id_user` (`id_user`),
  ADD KEY `id_bus` (`id_bus`);

--
-- Index pour la table `Sieges_Allocation`
--
ALTER TABLE `Sieges_Allocation`
  ADD PRIMARY KEY (`id_siege`),
  ADD KEY `id_bus` (`id_bus`),
  ADD KEY `id_reservation` (`id_reservation`);

--
-- Index pour la table `User`
--
ALTER TABLE `User`
  ADD PRIMARY KEY (`id_user`),
  ADD UNIQUE KEY `email` (`email`);

--
-- AUTO_INCREMENT pour les tables exportées
--

--
-- AUTO_INCREMENT pour la table `Admin`
--
ALTER TABLE `Admin`
  MODIFY `id` int(11) NOT NULL AUTO_INCREMENT, AUTO_INCREMENT=2;
--
-- Contraintes pour les tables exportées
--

--
-- Contraintes pour la table `Bus`
--
ALTER TABLE `Bus`
  ADD CONSTRAINT `bus_ibfk_1` FOREIGN KEY (`id_compagnie`) REFERENCES `Compagnie` (`id_compagnie`) ON DELETE CASCADE;

--
-- Contraintes pour la table `Bus_Frequence`
--
ALTER TABLE `Bus_Frequence`
  ADD CONSTRAINT `Bus_Frequence_ibfk_1` FOREIGN KEY (`id_bus`) REFERENCES `Bus` (`id_bus`) ON DELETE CASCADE;

--
-- Contraintes pour la table `Paiement`
--
ALTER TABLE `Paiement`
  ADD CONSTRAINT `Paiement_ibfk_1` FOREIGN KEY (`id_reservation`) REFERENCES `Reservation` (`id_reservation`) ON DELETE CASCADE,
  ADD CONSTRAINT `Paiement_ibfk_2` FOREIGN KEY (`id_compagnie`) REFERENCES `Compagnie` (`id_compagnie`) ON DELETE CASCADE;

--
-- Contraintes pour la table `Reservation`
--
ALTER TABLE `Reservation`
  ADD CONSTRAINT `Reservation_ibfk_2` FOREIGN KEY (`id_bus`) REFERENCES `Bus` (`id_bus`) ON DELETE CASCADE;

--
-- Contraintes pour la table `Sieges_Allocation`
--
ALTER TABLE `Sieges_Allocation`
  ADD CONSTRAINT `Sieges_Allocation_ibfk_1` FOREIGN KEY (`id_bus`) REFERENCES `Bus` (`id_bus`) ON DELETE CASCADE,
  ADD CONSTRAINT `Sieges_Allocation_ibfk_2` FOREIGN KEY (`id_reservation`) REFERENCES `Reservation` (`id_reservation`) ON DELETE CASCADE;
